{
  "name": "custom.remote.python.thirdparty_iplabel",
  "version": "0.7",
  "type": "python",
  "entity": "CUSTOM_DEVICE",
  "technologies": [ "IP-Label" ],
  "metricGroup": "tech.Ping",
  "source": {
    "package": "iplabel_extension",
    "className": "IpLabelExtension",
    "install_requires": [ "dtapi" ],
    "activation": "Remote"
  },
  "properties": [
    {
      "key": "api_url",
      "type": "String"
    },
    {
      "key": "api_token",
      "type": "Password"
    },
    {
      "key": "test_name",
      "type": "String"
    },
    {
      "key": "scenario_name",
      "type": "String"
    },
    {
      "key": "include_results",
      "type": "Dropdown",
      "dropdownValues": [ "None","Test Level","Step Level" ]
    },
    {
      "key": "domain_name",
      "type": "String"
    },
    {
      "key": "log_level",
      "type": "Dropdown",
      "dropdownValues": [ "INFO", "DEBUG" ]
    },
    {
      "key": "frequency",
      "type": "String"
    },
    {
      "key": "proxy_address",
      "type": "String"
    },
    {
      "key": "proxy_username",
      "type": "String"
    },
    {
      "key": "proxy_password",
      "type": "Password"
    }
  ],
  "configUI": {
    "displayName": "IP-Label NewTest",
    "properties": [
      {
        "key": "api_url",
        "displayName": "Tenant URL",
        "displayHint": "https://<my.activeGate>:9999/e/<environment_id> or https://<my.managed.host>/e/<environment_id> or https://<environment_id>.live.dynatrace.com",
        "displayOrder": 1
      },
      {
        "key": "api_token",
        "displayName": "API Token",
        "displayHint": "Requires \"Create and read synthetic monitors, locations, and nodes\" permission",
        "displayOrder": 2
      },
      {
        "key": "test_name",
        "displayName": "(Optional) Synthetic monitor name",
        "displayOrder": 3
      },
      {
        "key": "domain_name",
        "displayName": "Domain name used for the IP-Label/Newtest API",
        "displayHint": "IP address or hostname",
        "displayOrder": 4
      },
      {
        "key": "scenario_name",
        "displayName": "Name of the IP-Label/Newtest scenario",
        "displayOrder": 5
      },
      {
        "key": "include_results",
        "displayName": "Include results",
        "displayHint": "Include only alarms, test level response time or step level response time",
        "displayOrder": 6
      },
      {
        "key": "frequency",
        "displayName": "(Optional) Frequency",
        "displayHint": "Frequency in minutes, default: 15",
        "displayOrder": 7
      },
      {
        "key": "proxy_address",
        "displayName": "(Optional) Proxy Address",
        "displayOrder": 8

      },
      {
        "key": "proxy_username",
        "displayName": "(Optional) Proxy Username",
        "displayOrder": 9

      },
      {
        "key": "proxy_password",
        "displayName": "(Optional) Proxy Password",
        "displayOrder": 10

      },
      {
        "key": "log_level",
        "displayName": "Log level",
        "displayOrder": 11

      }
    ]
  },
  "metrics": [
    {
      "entity": "CUSTOM_DEVICE",
      "timeseries": {
        "key": "iplabel_extension_tests",
        "unit": "Count",
        "displayname": "IP-Label Extension - Checks"
      }
    }
  ]

}
